Workout Timestamp,Live/On-Demand,Instructor Name,Length (minutes),Fitness Discipline,Type,Title,Class Timestamp,Total Output,Avg. Watts,Avg. Resistance,Avg. Cadence (RPM),Avg. Speed (mph),Distance (mi),Calories Burned,Avg. Heartrate,Avg. Incline,Avg. Pace (min/mi)
2020-04-07 16:39 (PST),On Demand,Leanne Hainsby,20,Cycling,Beginner,20 min Beginner Ride,2020-03-18 07:21 (PST),143,119,41%,79,16.92,5.63,205,,,
2020-04-08 09:09 (PST),On Demand,,20,Cycling,Scenic Ride,20 min Timmelsjoch Scenic Ride,,202,169,49%,74,19.51,6.50,290,,,
2020-04-09 08:52 (PST),On Demand,Ben Alldis,20,Cycling,Beginner,20 min Beginner Ride,2020-03-14 03:26 (PST),191,159,44%,81,18.81,6.26,274,,,
2020-04-10 09:23 (PST),On Demand,,20,Cycling,Scenic Ride,20 min Taiwanese Parks Scenic Ride,,202,168,47%,80,19.34,6.44,289,,,
2020-04-13 09:27 (PST),On Demand,Leanne Hainsby,30,Cycling,Intervals,30 min HIIT Ride,2020-04-05 06:00 (PST),276,153,47%,76,18.72,9.36,395,,,
2020-04-17 09:33 (PST),On Demand,Cody Rigsby,20,Cycling,Music,20 min 90s Pop Ride,2020-04-16 03:00 (PST),166,138,44%,79,17.86,5.95,237,,,
2020-04-20 11:17 (PST),Live,Leanne Hainsby,30,Cycling,Music,30 min 2010s Ride,2020-02-27 22:49 (PST),0,2,29%,12,1.02,0.03,0,,,
2020-04-20 11:19 (PST),On Demand,Emma Lovewell,30,Cycling,Music,30 min Classic Rock Ride,2020-04-13 11:00 (PST),303,169,50%,75,19.65,9.82,435,,,
2020-04-22 09:43 (PST),On Demand,Denis Morton,30,Cycling,Music,30 min Rock Ride,2020-04-20 14:00 (PST),305,169,45%,84,19.49,9.74,437,,,
2020-04-23 15:18 (PST),On Demand,,15,Cycling,Scenic Ride,15 min Golden Gate Park Scenic Ride,,165,183,46%,85,20.30,5.07,236,,,
2020-04-24 08:38 (PST),On Demand,Kendall Toole,20,Cycling,Music,20 min 2000s Ride,2020-04-17 03:30 (PST),90,169,48%,79,19.75,2.92,129,,,
2020-04-27 09:54 (PST),On Demand,Alex Toussaint,30,Cycling,Intervals,30 min HIIT Ride: Live from Home,2020-04-24 06:57 (PST),276,154,41%,89,18.52,9.25,396,,,
2020-04-27 10:25 (PST),On Demand,Alex Toussaint,5,Stretching,Pre & Post-Ride Stretch,5 min Post-Ride Stretch,2019-11-21 12:41 (PST),,,,,,,6,,,
2020-05-01 09:03 (PST),On Demand,Kendall Toole,30,Cycling,Intervals,30 min HIIT Ride,2020-04-27 12:30 (PST),267,148,44%,81,18.53,9.26,382,,,
2020-05-02 15:30 (PST),On Demand,,10,Cycling,Scenic Ride,10 min Reims Scenic Ride,,122,204,47%,91,21.17,3.52,175,,,
2020-05-05 09:15 (PST),On Demand,Leanne Hainsby,30,Cycling,Intervals,30 min HIIT Ride: Live from Home,2020-05-02 04:55 (PST),248,138,45%,78,18.29,9.14,356,,,
2020-05-07 17:13 (PST),On Demand,Olivia Amato,30,Cycling,Music,30 min Rock Ride,2020-05-07 11:00 (PST),287,160,45%,83,19.31,9.64,412,,,
2020-05-08 09:17 (PST),On Demand,Ben Alldis,30,Cycling,Music,30 min 80s Ride: Live from Home,2020-05-04 06:25 (PST),307,171,46%,84,19.69,9.84,440,,,
2020-05-11 09:24 (PST),On Demand,Robin Arzon,30,Cycling,Music,30 min Lizzo Ride,2019-08-02 10:20 (PST),269,149,45%,82,18.84,9.41,385,,,
2020-05-12 16:03 (PST),On Demand,Ben Alldis,30,Cycling,Climb,30 min Climb Ride: Live from Home,2020-05-11 05:55 (PST),313,181,52%,74,20.35,9.99,449,,,
2020-05-13 09:24 (PST),On Demand,Leanne Hainsby,30,Cycling,Intervals,30 min Intervals & Arms: Live from Home,2020-05-07 06:24 (PST),284,158,48%,75,19.06,9.52,407,,,
2020-05-15 17:23 (PST),On Demand,Ally Love,30,Cycling,Music,30 min Pop Ride: Live from Home,2020-05-08 13:52 (PST),330,183,49%,82,20.42,10.20,473,,,
2020-06-09 14:20 (PST),On Demand,Leanne Hainsby,30,Cycling,Intervals,30 min HIIT Ride: Live from Home,2020-05-14 05:56 (PST),331,184,50%,77,20.20,10.09,474,,,
2020-06-11 11:32 (PST),On Demand,Ben Alldis,30,Cycling,Music,30 min Rock Ride: Live from Home,2020-05-18 05:55 (PST),343,191,49%,82,20.42,10.20,492,,,
2020-06-16 09:11 (PST),On Demand,Ben Alldis,30,Cycling,Climb,30 min Climb Ride,2020-06-16 07:00 (PST),293,163,50%,74,19.52,9.76,419,,,
2020-06-26 10:35 (PST),On Demand,,10,Cycling,Scenic Ride,10 min New Zealand Scenic Ride,,12,35,41%,40,9.87,0.94,17,,,
2020-07-13 12:24 (PST),On Demand,Leanne Hainsby,20,Cycling,Intervals,20 min HIIT Ride,2020-07-13 07:00 (PST),215,180,46%,84,19.99,6.66,309,,,
2020-07-14 11:04 (PST),On Demand,Leanne Hainsby,20,Cycling,Intervals,20 min Tabata Ride,2020-06-20 01:00 (PST),211,176,47%,80,19.70,6.57,302,,,
2020-07-15 10:34 (PST),On Demand,Sam Yo,10,Strength,Arms & Light Weights,10 min Arms Toning,2020-07-15 01:25 (PST),,,,,,,69,,,
2020-07-15 10:47 (PST),On Demand,Ally Love,20,Cycling,Music,20 min 80s Pop Ride,2020-07-07 05:37 (PST),219,183,52%,74,20.32,6.76,313,,,
2020-07-24 07:52 (PST),On Demand,Ben Alldis,30,Cycling,Intervals,30 min Tabata Ride,2020-06-30 07:00 (PST),0,0,27%,0,0,0,0,,,
2020-07-24 11:57 (PST),On Demand,Cody Rigsby,20,Cycling,Music,20 min 90s Ride,2020-06-24 14:00 (PST),205,171,46%,85,19.76,6.58,294,,,
2020-07-29 10:55 (PST),On Demand,Ben Alldis,20,Cycling,Climb,20 min Climb Ride,2020-07-27 23:20 (PST),215,179,51%,75,20.30,6.76,307,,,
2020-07-29 11:21 (PST),On Demand,Ben Alldis,10,Strength,Arms & Light Weights,10 min Arms Toning,2020-05-26 07:30 (PST),,,,,,,69,,,
2020-07-31 12:26 (PST),On Demand,Leanne Hainsby,20,Cycling,Music,20 min 90s Ride,2020-07-29 04:22 (PST),216,180,46%,87,20.27,6.75,310,,,
2020-08-03 11:53 (PST),On Demand,Sam Yo,20,Cycling,Intervals,20 min HIIT Ride,2020-07-15 01:00 (PST),227,189,45%,88,20.07,6.68,325,,,
2020-08-04 13:34 (PST),On Demand,Ben Alldis,20,Cycling,Music,20 min Rock Ride,2020-08-03 23:51 (PST),231,193,47%,87,20.74,6.91,331,,,
2020-08-06 15:17 (PST),On Demand,Leanne Hainsby,20,Cycling,Music,20 min Disco Ride,2020-08-02 23:55 (PST),231,193,48%,86,20.61,6.86,332,,,
2020-08-08 15:25 (PST),On Demand,Robin Arzon,10,Strength,Upper Body,10 min Arms & Shoulders Strength,2020-08-08 07:00 (PST),,,,,,,69,,,
2020-08-10 11:47 (PST),On Demand,Leanne Hainsby,20,Cycling,Intervals,20 min Tabata Ride,2020-08-02 23:30 (PST),225,188,48%,82,20.13,6.71,323,,,
2020-08-12 09:03 (PST),On Demand,Cody Rigsby,20,Cycling,Groove,20 min Groove Ride,2020-08-06 15:36 (PST),224,187,49%,81,20.41,6.80,321,,,
2020-08-13 12:35 (PST),On Demand,Leanne Hainsby,20,Cycling,Intervals,20 min HIIT Ride,2020-08-09 08:00 (PST),223,186,49%,80,20.01,6.67,319,,,
2020-08-20 12:09 (PST),On Demand,Ben Alldis,20,Cycling,Climb,20 min Climb Ride,2020-08-17 23:51 (PST),212,177,50%,78,20.17,6.72,304,,,
2020-08-21 14:29 (PST),On Demand,Cody Rigsby,30,Cycling,Intervals,30 min Intervals & Arms Ride,2020-08-20 14:48 (PST),343,191,53%,74,20.74,10.36,491,,,
2020-08-24 15:55 (PST),On Demand,Sam Yo,30,Cycling,Music,30 min 70s Rock Ride,2020-08-24 09:30 (PST),321,178,48%,81,20.13,10.06,460,,,
2020-08-25 16:45 (PST),On Demand,Ally Love,30,Cycling,Intervals,30 min HIIT & Hills Ride,2020-08-21 16:19 (PST),338,188,50%,80,20.65,10.32,484,,,
2020-08-27 18:15 (PST),On Demand,,10,Cycling,Scenic Ride,10 min Zion National Park Scenic Ride,,138,231,55%,81,22.42,3.73,198,,,
2020-08-30 15:17 (PST),,,3,Cycling,,3 min 36 sec Just Ride,,34,159,43%,84,18.42,1.10,49,,,
2020-09-08 11:29 (PST),On Demand,Leanne Hainsby,30,Cycling,Intervals,30 min HIIT Ride,2020-08-31 00:00 (PST),383,213,49%,89,21.45,10.72,549,,,
2020-09-09 16:41 (PST),On Demand,Ally Love,20,Cycling,Music,20 min 80s Ride,2020-09-02 14:00 (PST),247,206,51%,83,21.38,7.12,354,,,
2020-09-10 18:08 (PST),On Demand,,20,Cycling,Scenic Ride,20 min New Zealand Westland Scenic Ride,,209,174,45%,89,20.12,6.70,299,,,
2020-09-14 13:54 (PST),On Demand,Cody Rigsby,30,Cycling,Theme,"30 min XOXO, Cody",2020-09-10 08:24 (PST),336,187,51%,78,20.57,10.29,482,,,
2020-09-15 15:56 (PST),On Demand,Ben Alldis,20,Cycling,Climb,20 min Climb Ride,2020-09-13 23:20 (PST),252,211,53%,77,21.41,7.13,362,,,
2020-09-16 15:49 (PST),On Demand,Ben Alldis,30,Cycling,Music,30 min 90s Rock Ride,2020-09-16 09:21 (PST),336,187,47%,86,20.61,10.30,482,,,
2020-09-18 11:36 (PST),On Demand,Leanne Hainsby,30,Cycling,Music,30 min 70s Ride,2020-09-12 07:00 (PST),346,192,50%,80,20.71,10.35,496,,,
2020-09-22 11:58 (PST),On Demand,Leanne Hainsby,30,Cycling,Intervals,30 min Tabata Ride,2020-09-19 07:00 (PST),298,165,48%,77,19.39,9.70,427,,,
2020-10-02 11:27 (PST),On Demand,Ben Alldis,20,Cycling,Intervals,20 min HIIT Ride,2020-09-20 23:20 (PST),170,142,42%,88,18.64,6.21,244,,,
2020-10-07 16:31 (PST),On Demand,Ben Alldis,20,Cycling,Music,20 min 90s Ride,2020-09-27 23:51 (PST),212,177,49%,81,20.20,6.72,303,,,
2020-10-08 15:12 (PST),On Demand,Leanne Hainsby,20,Cycling,Intervals,20 min HIIT Ride,2020-09-28 23:19 (PST),222,185,49%,81,20.30,6.76,318,,,
2020-10-16 13:29 (PST),On Demand,,30,Cycling,Scenic Ride,30 min Highways & Greenery Scenic Ride,,296,164,46%,82,19.62,9.80,424,,,
2020-10-27 14:36 (PST),On Demand,Leanne Hainsby,30,Cycling,Theme,30 min BHM: Funk Ride,2020-10-23 06:20 (PST),301,167,46%,84,19.72,9.86,431,,,
2020-10-30 11:20 (PST),On Demand,Ben Alldis,30,Cycling,Music,30 min 2010s Ride,2020-10-28 10:20 (PST),300,167,49%,77,19.65,9.81,430,,,
2020-11-02 12:05 (PST),On Demand,Cody Rigsby,20,Cycling,Music,20 min 90s Ride,2020-10-25 10:00 (PST),237,198,52%,78,21.01,7.00,340,,,
2020-11-04 14:59 (PST),On Demand,Ben Alldis,30,Cycling,Intervals,30 min HIIT Ride,2020-10-26 00:20 (PST),318,176,51%,73,20.01,10.00,455,,,
2020-11-09 14:45 (PST),Live,Emma Lovewell,30,Cycling,Music,30 min 90s Rock Ride,2020-11-09 04:23 (PST),349,194,53%,76,21.08,10.53,500,,,
2020-11-10 13:30 (PST),Live,Cody Rigsby,30,Cycling,Music,30 min Pop Ride,2020-11-06 04:22 (PST),402,223,53%,80,21.89,10.93,575,,,
2020-11-13 12:10 (PST),On Demand,Leanne Hainsby,20,Cycling,Music,20 min 90s Ride,2020-11-09 23:20 (PST),230,192,49%,81,20.54,6.85,330,,,
2020-11-16 12:23 (PST),On Demand,Ben Alldis,30,Cycling,Climb,30 min Climb Ride,2020-11-08 23:20 (PST),378,210,55%,74,21.45,10.73,541,,,
2020-11-17 13:35 (PST),Live,Leanne Hainsby,30,Cycling,Music,30 min 80s Ride,2020-11-14 08:00 (PST),367,204,50%,84,21.23,10.61,526,,,
2020-11-18 14:00 (PST),Live,Cody Rigsby,30,Cycling,Music,30 min Pop Ride,2020-11-17 16:22 (PST),385,214,49%,88,21.63,10.80,552,,,
2020-11-19 13:58 (PST),On Demand,Matt Wilpers,20,Cycling,Music,20 min 90s Rock Ride,2020-11-14 11:30 (PST),243,202,51%,80,21.23,7.08,348,,,
2020-11-20 13:25 (PST),Live,Ally Love,30,Cycling,Music,30 min 90s Ride,2020-11-16 08:20 (PST),405,225,54%,81,22.05,11.02,580,,,
2020-11-30 14:48 (PST),On Demand,Cody Rigsby,20,Cycling,Groove,20 min Groove Ride,2020-11-30 04:20 (PST),179,149,45%,82,19.06,6.35,256,,,
2020-12-09 16:30 (PST),On Demand,Leanne Hainsby,30,Cycling,Music,30 min 90s Ride,2020-12-02 10:25 (PST),345,192,49%,84,20.92,10.45,492,,,
2020-12-15 14:56 (PST),On Demand,Leanne Hainsby,30,Cycling,Theme,30 min Work It Out,2020-12-11 06:25 (PST),321,178,48%,83,20.26,10.14,458,,,
2020-12-29 16:37 (PST),On Demand,Ally Love,20,Cycling,Intervals,20 min HIIT Ride,2020-12-11 07:30 (PST),243,202,52%,78,20.70,6.90,347,,,
2021-01-04 11:19 (PST),On Demand,Cody Rigsby,30,Cycling,Intervals,30 min Intervals & Arms Ride,2021-01-04 08:20 (PST),362,201,55%,75,21.22,10.62,517,,,
2021-01-05 12:40 (PST),On Demand,Ally Love,5,Strength,Core,5 min Core Strength,2018-08-28 11:50 (PST),,,,,,,35,91.67,,
2021-01-05 15:56 (PST),On Demand,Leanne Hainsby,30,Cycling,Intervals,30 min HIIT & Hills Ride,2021-01-05 09:55 (PST),380,211,54%,78,21.53,10.77,543,,,
2021-01-06 16:56 (PST),On Demand,Chase Tucker,15,Strength,Bodyweight,15 min Bodyweight Strength,2021-01-06 09:30 (PST),,,,,,,118,136.62,,
2021-01-07 11:55 (PST),On Demand,Cody Rigsby,30,Cycling,Music,30 min Pop Ride,2021-01-05 16:20 (PST),330,183,50%,79,20.35,10.18,471,,,
2021-01-08 14:01 (PST),On Demand,Ben Alldis,15,Strength,Upper Body,15 min Chest & Back Strength,2021-01-05 22:00 (PST),,,,,,,107,102.07,,
2021-01-11 16:10 (PST),On Demand,Robin Arzon,20,Strength,Upper Body,20 min Upper Body Strength,2021-01-11 08:51 (PST),,,,,,,1,,,
2021-01-11 16:11 (PST),On Demand,Robin Arzon,20,Strength,Upper Body,20 min Upper Body Strength,2021-01-11 08:51 (PST),,,,,,,140,98.47,,
2021-01-12 12:26 (PST),On Demand,Ben Alldis,30,Cycling,Intervals,30 min HIIT Ride,2021-01-07 05:54 (PST),346,192,52%,77,20.76,10.38,494,,,
2021-01-13 16:48 (PST),On Demand,Emma Lovewell,30,Cycling,Intervals,30 min Intervals & Arms Ride,2021-01-11 04:51 (PST),317,176,51%,75,20.02,10.02,452,,,
2021-01-14 17:51 (PST),On Demand,Robin Arzon,20,Cycling,Music,20 min Hip Hop Ride,2021-01-13 08:57 (PST),224,187,48%,84,20.60,6.86,320,,,
2021-01-19 12:13 (PST),On Demand,Leanne Hainsby,30,Cycling,Music,30 min 70s Ride,2021-01-14 10:24 (PST),327,196,51%,80,20.96,9.93,467,,,
2021-01-21 13:47 (-08),On Demand,Tunde Oyeneyin,30,Cycling,Intervals,30 min HIIT & Hills Ride,2021-01-09 06:26 (-08),385,214,57%,73,21.76,10.88,550,,,
2021-01-25 14:46 (-08),On Demand,Ben Alldis,30,Cycling,Climb,30 min Climb Ride,2021-01-02 01:00 (-08),385,214,56%,74,21.49,10.74,549,,,
2021-01-26 11:44 (-08),On Demand,Ben Alldis,30,Cycling,Intervals,30 min Intervals & Arms Ride,2021-01-17 22:54 (-08),341,189,53%,75,20.65,10.33,487,,,
2021-01-27 17:18 (-08),On Demand,Ben Alldis,30,Cycling,Music,30 min Dance Music Ride,2021-01-19 10:25 (-08),337,187,51%,78,20.61,10.31,481,,,
2021-01-28 13:33 (-08),On Demand,,10,Cycling,Scenic Ride,10 min Switzerland Scenic Ride,,61,101,54%,50,16.25,2.71,86,,,
2021-01-29 13:23 (-08),On Demand,Jess King,30,Cycling,Theme,30 min The Jess King Experience,2021-01-28 16:49 (-08),348,193,53%,76,20.82,10.42,496,,,
2021-02-02 17:06 (-08),On Demand,,20,Cycling,Scenic Ride,20 min Glaciers & Rocks Scenic Ride,,211,176,54%,69,20.26,6.75,300,,,
2021-02-03 16:44 (-08),On Demand,Alex Toussaint,30,Cycling,Theme,30 min Club Bangers Ride,2021-01-30 10:23 (-08),362,201,50%,82,21.13,10.56,517,,,
2021-02-04 16:41 (PST),On Demand,Ben Alldis,30,Cycling,Music,30 min 90s Rock Ride,2021-01-27 03:00 (PST),379,210,53%,78,21.38,10.70,541,,,
2021-02-09 15:23 (PST),On Demand,Cody Rigsby,30,Cycling,Music,30 min Pop Ride,2021-02-07 10:00 (PST),335,186,51%,76,20.34,10.17,479,,,
2021-02-10 14:33 (PST),On Demand,Alex Toussaint,30,Cycling,Music,30 min 90s Hip Hop Ride,2021-02-09 16:21 (PST),352,195,48%,84,20.71,10.36,502,,,
2021-02-13 15:42 (PST),On Demand,Christine D'Ercole,30,Cycling,Power Zone,30 min Power Zone Endurance Rock Ride,2021-02-12 13:50 (PST),354,197,50%,82,20.95,10.47,505,,,
2021-02-16 15:56 (PST),On Demand,Leanne Hainsby,20,Cycling,Intervals,20 min Tabata Ride,2021-02-11 03:00 (PST),224,186,50%,78,20.35,6.79,319,,,
2021-02-18 15:52 (PST),On Demand,Cody Rigsby,20,Cycling,Music,20 min 2000s Ride,2021-02-17 16:22 (PST),204,170,50%,75,19.76,6.59,292,,,
2021-02-22 17:02 (PST),On Demand,Ben Alldis,30,Cycling,Climb,30 min Climb Ride,2020-11-08 23:20 (PST),346,192,54%,72,20.56,10.28,494,,,
2021-02-24 16:44 (-08),On Demand,Alex Toussaint,30,Cycling,Music,30 min Hip Hop Ride,2021-02-22 16:21 (-08),343,190,49%,82,20.62,10.31,489,,,
2021-03-01 16:29 (-08),On Demand,Hannah Frankson,30,Cycling,Music,30 min 2000s Ride,2021-03-01 10:24 (-08),340,189,49%,81,20.42,10.21,485,,,
2021-03-08 14:37 (-08),On Demand,Leanne Hainsby,30,Cycling,Music,30 min 2010s Ride,2021-03-04 10:25 (-08),376,209,51%,81,21.32,10.66,537,,,
2021-03-09 16:30 (-08),Live,Cody Rigsby,30,Cycling,Intervals,30 min Intervals & Arms Ride,2021-03-09 16:21 (-08),336,186,52%,74,20.27,10.13,479,,,
2021-03-10 14:50 (PST),,,8,Cycling,,8 min 27 sec Just Ride,,42,84,45%,58,15.06,2.11,61,,,
2021-03-11 13:30 (-08),Live,Ben Alldis,30,Cycling,Climb,30 min Climb Ride,2021-03-09 10:25 (-08),352,196,55%,71,20.72,10.36,503,,,
2021-03-15 15:55 (-07),Live,Leanne Hainsby,20,Cycling,Music,20 min 2000s Ride,2021-03-08 01:22 (-07),249,207,49%,85,21.30,7.10,355,,,
2021-03-17 16:56 (-07),On Demand,,10,Cycling,Scenic Ride,10 min Switzerland Scenic Ride,,13,33,40%,39,9.36,1.05,19,,,
2021-03-22 15:30 (-07),Live,Olivia Amato,30,Cycling,Intervals,30 min HIIT & Hills Ride,2021-03-22 02:51 (-07),420,233,54%,81,22.27,11.14,600,,,
2021-03-24 16:34 (-07),On Demand,Christine D'Ercole,30,Cycling,Music,30 min Classical Music Ride,2021-03-23 02:45 (-07),375,209,49%,85,21.54,10.77,536,,,
2021-04-04 16:20 (-07),Live,Tunde Oyeneyin,30,Cycling,Low Impact,30 min Low Impact Ride,2021-03-29 14:00 (-07),312,173,45%,87,20.00,10.00,445,,,
2021-04-07 16:10 (-07),On Demand,Christine D'Ercole,20,Cycling,Climb,20 min Climb Ride,2021-03-31 05:25 (-07),202,169,47%,81,19.88,6.63,289,,,
2021-04-08 15:30 (-07),Live,Sam Yo,30,Cycling,Intervals,30 min HIIT & Hills Ride,2021-04-06 23:25 (-07),358,199,54%,75,20.93,10.47,511,,,
2021-04-10 17:00 (-07),Live,Denis Morton,30,Cycling,Power Zone,30 min Power Zone Ride,2021-04-06 04:53 (-07),356,198,49%,82,20.79,10.40,508,,,
2021-04-19 14:45 (-07),Live,Christine D'Ercole,45,Cycling,Power Zone,45 min Power Zone Endurance 90s Ride,2021-04-15 13:51 (-07),519,192,50%,80,20.75,15.57,740,,,
2021-04-19 15:32 (-07),On Demand,Jess King,5,Stretching,Pre & Post-Ride Stretch,5 min Post-Ride Stretch,2021-04-13 06:00 (-07),,,,,,,17,,,
2021-04-20 16:00 (-07),On Demand,Bradley Rose,20,Cycling,Intervals,20 min HIIT Ride,2021-04-18 01:25 (-07),273,227,54%,80,22.15,7.39,390,,,
2021-04-21 15:24 (PST),On Demand,Chase Tucker,15,Strength,Lower Body,15 min Glutes & Legs Strength,2021-04-21 09:32 (PST),,,,,,,106,92.06,,
2021-04-27 16:19 (-07),On Demand,,30,Cycling,Scenic Ride,30 min Fall Harvest Scenic Ride,,199,111,45%,66,16.65,8.33,284,,,
2021-04-28 17:50 (-07),Live,Leanne Hainsby,30,Cycling,Intervals,30 min HIIT & Hills Ride,2021-04-27 10:25 (-07),408,227,52%,83,22.00,11.00,582,,,
2021-04-29 16:08 (-07),On Demand,Ben Alldis,30,Cycling,Climb,30 min Climb Ride,2021-04-18 23:25 (-07),390,217,56%,74,21.75,10.88,556,,,
2021-04-30 16:04 (-07),On Demand,Christine D'Ercole,45,Cycling,Low Impact,45 min Low Impact Ride,2021-04-25 10:23 (-07),522,193,52%,78,20.91,15.68,744,,,
2021-04-30 16:51 (-07),On Demand,Christine D'Ercole,5,Cycling,Warm Up/Cool Down,5 min Cool Down Ride,2020-12-18 07:00 (-07),12,41,30%,66,10.74,0.90,18,,,
2021-05-05 15:50 (-07),Live,Denis Morton,45,Cycling,Power Zone,45 min Power Zone Ride,2021-05-04 04:53 (-07),452,167,47%,78,19.41,14.55,645,,,
2021-05-11 15:55 (-07),Live,Bradley Rose,30,Cycling,Intervals,30 min HIIT & Hills Ride,2021-05-09 01:55 (-07),344,191,51%,78,20.60,10.30,492,,,
2021-05-12 15:45 (-07),Live,Ben Alldis,30,Cycling,Music,30 min 90s Ride,2021-05-12 05:55 (-07),368,204,51%,81,21.08,10.54,525,,,
2021-05-15 17:28 (-07),On Demand,Cody Rigsby,20,Cycling,Groove,20 min Groove Ride,2021-05-04 17:05 (-07),260,217,53%,78,21.63,7.22,371,,,
2021-05-16 18:06 (-07),On Demand,Cody Rigsby,20,Cycling,Music,20 min 80s Ride,2021-05-16 09:00 (-07),213,177,51%,74,19.95,6.66,304,,,
2021-05-24 15:19 (-07),On Demand,,None,Cycling,Scenic Ride,5 KM Monterey Peninsula Ride,,75,107,41%,72,16.07,3.11,107,,,
2021-05-26 16:42 (-07),On Demand,Adrian Williams,20,Cycling,Scenic Ride,20 min Savannah Ride,,126,144,47%,76,18.75,4.58,180,,,
2021-05-28 16:30 (-07),Live,Cody Rigsby,30,Cycling,Music,30 min Pop Ride,2021-05-25 16:23 (-07),346,192,49%,80,20.39,10.20,494,,,
2021-05-30 17:05 (-07),Live,Jess King,30,Cycling,Intervals,30 min HIIT Ride,2021-05-26 08:23 (-07),359,199,46%,90,20.80,10.41,513,,,
2021-06-02 17:15 (-07),Live,Ben Alldis,30,Cycling,Music,30 min Classic Rock Ride,2021-06-02 05:55 (-07),373,207,53%,76,21.14,10.57,437,147.51,,
2021-06-10 16:20 (-07),Live,Ben Alldis,30,Cycling,Music,30 min 90s Ride,2021-06-09 05:55 (-07),332,185,49%,77,19.81,9.91,424,132.88,,
2021-06-12 18:19 (-07),On Demand,Ben Alldis,20,Cycling,Climb,20 min Climb Ride,2021-02-01 00:21 (-07),221,184,55%,68,20.16,6.72,255,121.22,,
2021-06-15 16:32 (-07),On Demand,Leanne Hainsby,30,Cycling,Intervals,30 min HIIT & Hills Ride,2021-06-06 03:55 (-07),337,187,52%,76,20.44,10.22,481,,,
2021-06-25 17:35 (-07),Live,Christine D'Ercole,30,Cycling,Music,30 min 90s Ride,2021-06-23 04:54 (-07),315,175,45%,88,19.98,9.99,449,,,
2021-06-27 17:30 (-07),Live,Cody Rigsby,20,Cycling,Music,20 min Latin Ride,2021-06-22 17:05 (-07),242,202,52%,76,20.71,6.91,346,,,
2021-06-28 16:55 (-07),Live,Alex Toussaint,30,Cycling,Theme,30 min Club Bangers Ride,2021-06-26 10:22 (-07),314,174,48%,81,20.04,10.02,448,,,
2021-06-29 17:58 (-07),On Demand,Leanne Hainsby,20,Cycling,Music,20 min Punk Rock Ride,2021-06-22 06:22 (-07),101,84,40%,69,15.08,5.03,144,,,
2021-07-08 16:55 (-07),Live,Alex Toussaint,30,Cycling,Music,30 min AFO Ride: Migos,2021-07-02 14:51 (-07),330,183,51%,77,20.33,10.17,470,,,
2021-07-09 16:50 (-07),Live,Leanne Hainsby,30,Cycling,Music,30 min 90s Rock Ride,2021-07-07 09:25 (-07),343,191,52%,77,20.71,10.36,490,,,
2021-07-12 16:32 (-07),On Demand,Denis Morton,30,Cycling,Power Zone,30 min Power Zone Ride,2021-07-08 16:24 (-07),332,184,51%,77,20.58,10.30,474,,,
2021-07-14 16:55 (-07),On Demand,Leanne Hainsby,20,Cycling,Intervals,20 min Tabata Ride,2021-03-08 00:55 (-07),224,186,51%,76,20.42,6.81,319,,,
2021-07-21 16:20 (-07),Live,Ben Alldis,30,Cycling,Music,30 min 2010s Ride,2021-07-18 23:24 (-07),366,203,52%,80,21.05,10.53,522,,,
2021-08-03 16:45 (-07),Live,Christine D'Ercole,30,Cycling,Music,30 min 80s Ride,2021-08-02 13:53 (-07),307,170,46%,84,19.93,9.97,438,,,
2021-08-05 16:35 (-07),Live,Cody Rigsby,30,Cycling,Music,30 min Pop Ride,2021-07-27 16:19 (-07),293,163,47%,77,19.09,9.55,418,,,
2021-08-08 15:42 (-07),On Demand,Christine D'Ercole,45,Cycling,Music,45 min Chris Cornell Ride,2021-08-04 04:54 (-07),515,191,48%,85,20.70,15.53,735,,,
2021-08-10 16:00 (-07),Live,Leanne Hainsby,30,Cycling,Music,30 min 2000s Rock Ride,2021-08-05 07:30 (-07),423,235,54%,82,22.42,11.21,603,,,
2021-08-15 17:50 (-07),Live,Alex Toussaint,20,Cycling,Intervals,20 min HIIT Ride,2021-08-10 14:00 (-07),276,230,50%,88,21.95,7.32,394,,,
2021-08-16 16:35 (-07),Live,Alex Toussaint,30,Cycling,Theme,30 min Club Bangers Ride,2021-08-14 10:24 (-07),381,212,53%,79,21.46,10.73,544,,,
2021-08-17 16:00 (-07),Live,Christine D'Ercole,45,Cycling,Power Zone,45 min Power Zone Ride,2021-08-17 13:30 (-07),474,175,49%,78,20.11,15.09,676,,,
2021-08-20 16:55 (-07),Live,Leanne Hainsby,30,Cycling,Music,30 min 2000s Pop Ride,2021-08-19 07:30 (-07),351,195,48%,86,20.73,10.37,501,,,
2021-08-30 14:57 (-07),Live,Sam Yo,30,Cycling,Climb,30 min Climb Ride,2021-08-30 05:55 (-07),336,204,54%,74,21.20,9.69,479,,,
2021-08-30 19:50 (PST),On Demand,Kristin McGee,5,Meditation,Emotions,5 min Courage Meditation,2021-08-30 05:26 (PST),,,,,,,,,,
2021-09-01 14:40 (-07),Live,Ben Alldis,45,Cycling,Music,45 min 80s Ride,2021-08-31 07:30 (-07),464,172,49%,79,19.82,14.87,663,,,
2021-09-09 14:46 (-07),On Demand,,None,Cycling,Scenic Ride,10 KM Aguirre Spring Ride,,202,184,47%,86,20.43,6.21,288,,,
2021-09-09 15:08 (-07),On Demand,Alex Toussaint,10,Cycling,Climb,10 min Climb Ride,2021-09-07 06:00 (-07),130,216,57%,72,21.77,3.63,185,,,
2021-09-10 16:00 (-07),Live,Leanne Hainsby,30,Cycling,Intervals,30 min HIIT & Hills Ride,2021-09-09 07:30 (-07),340,189,50%,83,20.73,10.37,485,,,
2021-09-12 17:59 (-07),On Demand,Bradley Rose,20,Cycling,Music,20 min Pop Punk Ride,2021-09-09 03:00 (-07),251,209,49%,85,21.30,7.10,358,,,
2021-09-13 18:08 (-07),On Demand,Sam Yo,20,Cycling,Low Impact,20 min Low Impact Ride,2021-09-13 03:00 (-07),224,186,47%,86,20.44,6.82,319,,,
2021-09-15 17:40 (-07),Live,Bradley Rose,30,Cycling,Music,30 min Britpop Ride,2021-09-15 10:25 (-07),336,187,50%,80,20.49,10.25,479,,,
2021-09-16 15:22 (-07),On Demand,Jess Sims,45,Bike Bootcamp,Music,45 min 90s Bootcamp,2021-07-19 13:52 (-07),274,,,,20.37,8.40,443,,,
2021-09-23 15:45 (-07),On Demand,Matt Wilpers,30,Cycling,Scenic Ride,30 min Hawaii Ride,,336,187,47%,87,20.58,10.29,480,,,
2021-10-08 19:53 (PST),On Demand,Aditi Shah,5,Meditation,Relax & Sleep,5 min Sleep Meditation,2021-09-10 07:00 (PST),,,,,,,,70.08,,
2021-10-10 20:07 (PST),On Demand,Anna Greenberg,5,Meditation,Relax & Sleep,5 min Mid-Night Meditation,2021-07-28 07:00 (PST),,,,,,,,69.25,,
2021-10-13 18:05 (-07),On Demand,,10,Cycling,Scenic Ride,10 min Tempe Ride,,113,189,43%,99,20.81,3.46,161,,,
2021-10-14 12:00 (-07),Live,Bradley Rose,30,Cycling,Intervals,30 min HIIT & Hills Ride,2021-10-14 11:55 (-07),341,189,48%,84,20.40,10.20,487,,,
2021-10-18 16:00 (-07),Live,Ben Alldis,30,Cycling,Intervals,30 min Intervals & Arms Ride,2021-10-17 03:55 (-07),307,171,53%,70,19.68,9.84,438,,,
2021-10-18 19:47 (PST),On Demand,Anna Greenberg,5,Meditation,Relax & Sleep,5 min Sleep Meditation,2021-08-04 07:00 (PST),,,,,,,,,,
2021-10-19 19:48 (PST),On Demand,Anna Greenberg,5,Meditation,Relax & Sleep,5 min Calming Meditation,2021-06-23 07:00 (PST),,,,,,,,68.41,,
2021-10-20 16:55 (-07),Live,Leanne Hainsby,20,Cycling,Music,20 min House Ride,2021-10-19 22:52 (-07),243,202,50%,83,21.07,7.02,346,,,
2021-10-20 20:01 (PST),On Demand,Chelsea Jackson Roberts,5,Meditation,Relax & Sleep,5 min Sleep Meditation,2021-09-14 07:00 (PST),,,,,,,,66.11,,
2021-10-22 15:35 (-07),Live,Alex Toussaint,20,Cycling,Intervals,20 min Tabata Ride,2021-10-22 09:26 (-07),222,185,45%,90,20.33,6.78,317,,,
2021-10-23 19:48 (PST),On Demand,Chelsea Jackson Roberts,5,Meditation,Relax & Sleep,5 min Sleep Meditation,2021-09-14 07:00 (PST),,,,,,,,,,
2021-10-25 15:50 (-07),On Demand,Ben Alldis,20,Cycling,Climb,20 min Climb Ride,2021-10-03 04:32 (-07),192,160,52%,69,19.37,6.46,274,,,
2021-10-27 19:57 (PST),On Demand,Aditi Shah,5,Meditation,Relax & Sleep,5 min Sleep Meditation,2021-09-10 07:00 (PST),,,,,,,,,,
2021-10-30 20:10 (PST),On Demand,Ross Rayburn,5,Meditation,Relax & Sleep,5 min Calming Meditation,2021-08-04 15:37 (PST),,,,,,,,59.34,,
2021-11-01 16:45 (-07),Live,Ben Alldis,20,Cycling,Music,20 min Techno Ride,2021-11-01 06:55 (-07),242,202,52%,78,21.18,7.06,346,,,
2021-11-01 19:57 (PST),On Demand,Cody Rigsby,5,Meditation,Relax & Sleep,5 min Sleep Meditation,2021-06-08 07:00 (PST),,,,,,,,63.90,,
2021-11-07 19:50 (PST),On Demand,Ross Rayburn,5,Meditation,Relax & Sleep,5 min Relaxing Meditation,2021-11-06 08:38 (PST),,,,,,,,67.47,,
2021-11-09 15:50 (PST),On Demand,Rad Lopez,20,Cardio,HIIT,20 min HIIT Cardio,2021-11-06 07:23 (PST),,,,,,,161,126.63,,
2021-11-09 19:47 (PST),On Demand,Aditi Shah,5,Meditation,Relax & Sleep,5 min Sleep Meditation,2021-09-10 07:00 (PST),,,,,,,,68.91,,
2021-11-10 16:40 (-08),Live,Alex Toussaint,20,Cycling,Music,20 min New Tracks Ride,2021-11-08 15:57 (-08),241,201,49%,84,21.02,7.01,344,,,
2021-11-11 16:11 (PST),On Demand,Rad Lopez,10,Cardio,HIIT,10 min HIIT Cardio,2021-11-03 06:12 (PST),,,,,,,121,133.04,,
2021-11-12 19:48 (PST),On Demand,Cody Rigsby,5,Meditation,Relax & Sleep,5 min Calming Meditation,2021-11-05 07:00 (PST),,,,,,,,64.71,,
2021-11-12 19:51 (PST),On Demand,Ross Rayburn,5,Meditation,Relax & Sleep,5 min Relaxing Meditation,2021-11-06 08:38 (PST),,,,,,,,67.18,,
2021-11-13 10:17 (-08),On Demand,Bradley Rose,20,Cycling,Music,20 min Metal Ride,2021-11-12 10:52 (-08),246,205,48%,88,21.07,7.02,352,,,
2021-11-13 19:55 (PST),On Demand,Ross Rayburn,5,Meditation,Relax & Sleep,5 min Sleep Meditation,2021-09-20 07:00 (PST),,,,,,,,57.11,,
2021-11-14 19:34 (PST),On Demand,Chelsea Jackson Roberts,5,Meditation,Relax & Sleep,5 min Mid-Night Meditation,2021-08-31 07:00 (PST),,,,,,,,64.66,,
2021-11-15 16:00 (-08),Live,Bradley Rose,30,Cycling,Intervals,30 min Intervals & Arms Ride,2021-11-15 11:54 (-08),314,174,50%,74,19.75,9.88,448,,,
2021-11-15 19:55 (PST),On Demand,Anna Greenberg,5,Meditation,Relax & Sleep,5 min Relaxing Meditation,2021-08-25 07:00 (PST),,,,,,,,70.13,,
2021-11-16 15:20 (PST),On Demand,Rad Lopez,10,Strength,Upper Body,10 min Arms & Shoulders Strength,2021-11-14 05:53 (PST),,,,,,,69,,,
2021-11-16 15:40 (-08),Live,Leanne Hainsby,20,Cycling,Intervals,20 min HIIT Ride,2021-11-16 05:55 (-08),244,203,49%,84,21.02,7.01,348,,,
2021-11-16 19:49 (PST),On Demand,Kristin McGee,5,Meditation,Relax & Sleep,5 min Calming Meditation,2021-08-05 07:00 (PST),,,,,,,,69.23,,
2021-11-19 15:38 (PST),On Demand,Sam Yo,10,Strength,Arms & Light Weights,10 min Arms & Light Weights,2021-11-15 06:32 (PST),,,,,,,71,111.70,,
2021-11-19 15:55 (-08),Live,Emma Lovewell,20,Cycling,Groove,20 min Groove Ride,2021-11-18 06:55 (-08),233,194,54%,75,20.94,6.98,333,,,
2021-11-22 09:25 (-08),Live,Tunde Oyeneyin,20,Cycling,Intervals,20 min Tabata Ride,2021-11-20 09:39 (-08),235,195,52%,77,20.77,6.93,335,,,
2021-11-27 20:10 (PST),On Demand,Ross Rayburn,5,Meditation,Relax & Sleep,5 min Relaxing Meditation,2021-11-06 08:38 (PST),,,,,,,,60.16,,
2021-11-29 19:51 (PST),On Demand,Kristin McGee,5,Meditation,Relax & Sleep,5 min Relaxing Meditation,2021-06-17 07:00 (PST),,,,,,,,,,
2021-12-01 19:53 (PST),On Demand,Chelsea Jackson Roberts,5,Meditation,Relax & Sleep,5 min Relaxing Meditation,2021-04-27 07:00 (PST),,,,,,,,,,
2021-12-02 19:55 (PST),On Demand,Anna Greenberg,5,Meditation,Relax & Sleep,5 min Sleep Meditation,2021-02-02 08:00 (PST),,,,,,,,,,
2021-12-04 19:42 (PST),On Demand,Ross Rayburn,10,Meditation,Emotions,10 min Kindness Meditation,2021-12-02 07:09 (PST),,,,,,,,,,
2021-12-04 20:12 (PST),On Demand,Ross Rayburn,10,Meditation,Emotions,10 min Kindness Meditation,2021-12-02 07:09 (PST),,,,,,,,,,
2021-12-05 20:04 (PST),On Demand,Kristin McGee,5,Meditation,Relax & Sleep,5 min Sleep Meditation,2020-09-04 07:00 (PST),,,,,,,,,,
2021-12-10 19:54 (PST),On Demand,Aditi Shah,5,Meditation,Relax & Sleep,5 min Sleep Meditation,2021-12-08 07:00 (PST),,,,,,,,,,
2021-12-14 19:58 (PST),On Demand,Anna Greenberg,5,Meditation,Relax & Sleep,5 min Calming Meditation,2021-12-11 08:36 (PST),,,,,,,,,,
2021-12-26 20:21 (PST),On Demand,Ross Rayburn,5,Meditation,Relax & Sleep,5 min Calming Meditation,2021-04-27 05:36 (PST),,,,,,,,,,
2021-12-29 20:19 (PST),,,0,Cycling,,23 sec Just Ride,,4,142,69%,46,17.19,0.12,5,,,
2021-12-29 20:48 (PST),On Demand,Anna Greenberg,5,Meditation,Relax & Sleep,5 min Relaxing Meditation,2021-03-04 07:00 (PST),,,,,,,,,,
2022-01-02 17:20 (-08),Live,Cody Rigsby,20,Cycling,Music,20 min Pop Ride,2021-12-27 08:00 (-08),218,181,48%,83,20.26,6.76,309,,,
2022-01-02 20:00 (PST),On Demand,Aditi Shah,5,Meditation,Relax & Sleep,5 min Sleep Meditation,2020-11-06 07:00 (PST),,,,,,,,,,
2022-01-03 16:20 (-08),Live,Alex Toussaint,20,Cycling,Intervals,20 min HIIT Ride,2021-12-28 06:23 (-08),213,177,46%,86,19.94,6.65,302,,,
2022-01-04 16:32 (-08),On Demand,Leanne Hainsby,20,Cycling,Music,20 min 90s Hip Hop Ride,2021-11-30 22:25 (-08),176,146,46%,76,18.49,6.17,250,,,
2022-01-05 16:50 (-08),Live,Alex Toussaint,30,Cycling,Intervals,30 min HIIT Ride,2022-01-04 15:24 (-08),364,207,50%,84,21.37,10.41,517,,,
2022-01-07 20:07 (PST),On Demand,Anna Greenberg,5,Meditation,Relax & Sleep,5 min Sleep Meditation,2020-10-14 07:00 (PST),,,,,,,,,,
2022-01-08 16:50 (-08),Live,Alex Toussaint,30,Cycling,Theme,30 min Club Bangers Ride,2022-01-08 10:24 (-08),427,237,52%,86,22.53,11.27,608,,,
2022-01-10 16:15 (-08),Live,Ben Alldis,30,Cycling,Music,30 min 90s Ride,2022-01-10 05:54 (-08),381,212,53%,79,21.41,10.71,542,,,
2022-01-12 17:15 (-08),Live,Alex Toussaint,30,Cycling,Music,30 min Hip Hop Ride,2022-01-10 15:22 (-08),359,199,50%,82,20.90,10.45,510,,,
2022-01-12 19:54 (PST),On Demand,Ross Rayburn,5,Meditation,Relax & Sleep,5 min Sleep Meditation,2020-11-09 07:00 (PST),,,,,,,,,,
2022-01-13 16:35 (-08),On Demand,,10,Cycling,Scenic Ride,10 min Playa Pacifica Park Ride,,130,216,50%,86,21.96,3.66,184,,,
2022-01-13 20:03 (PST),On Demand,Ross Rayburn,5,Meditation,Relax & Sleep,5 min Sleep Meditation,2020-09-29 07:00 (PST),,,,,,,,,,
2022-01-14 19:56 (PST),On Demand,Cody Rigsby,5,Meditation,Relax & Sleep,5 min Relaxing Meditation,2021-03-16 10:00 (PST),,,,,,,,,,
2022-01-16 20:01 (PST),On Demand,Cody Rigsby,5,Meditation,Relax & Sleep,5 min Sleep Meditation,2021-03-16 10:00 (PST),,,,,,,,,,
2022-01-17 19:56 (PST),On Demand,Cody Rigsby,5,Meditation,Relax & Sleep,5 min Sleep Meditation,2020-11-10 13:30 (PST),,,,,,,,,,
2022-01-18 16:25 (-08),Live,Ben Alldis,30,Cycling,Intervals,30 min HIIT & Hills Ride,2022-01-18 11:54 (-08),329,183,50%,78,20.30,10.16,468,,,
2022-01-21 15:44 (PST),On Demand,Denis Morton,10,Meditation,Breathwork,10 min Breathwork,2022-01-21 07:00 (PST),,,,,,,,,,
2022-01-23 20:04 (PST),On Demand,Kirra Michel,5,Meditation,Relax & Sleep,5 min Sleep Meditation,2022-01-21 07:00 (PST),,,,,,,,,,
2022-01-24 15:45 (-08),Live,Ben Alldis,30,Cycling,Music,30 min 80s Ride,2022-01-24 05:55 (-08),326,181,50%,77,20.12,10.06,464,,,
2022-01-24 20:03 (PST),On Demand,Kristin McGee,5,Meditation,Relax & Sleep,5 min Calming Meditation,2022-01-24 05:36 (PST),,,,,,,,,,
2022-01-25 17:40 (-08),Live,Cody Rigsby,20,Cycling,Groove,20 min Groove Ride,2022-01-21 15:55 (-08),241,201,52%,77,20.98,7.00,343,,,
2022-01-25 20:16 (PST),On Demand,Kristin McGee,5,Meditation,Relax & Sleep,5 min Calming Meditation,2020-07-24 07:00 (PST),,,,,,,,,,
2022-01-27 16:16 (-08),On Demand,Bradley Rose,30,Cycling,Intervals,30 min HIIT Ride,2022-01-20 11:55 (-08),347,193,50%,81,20.63,10.32,493,,,
2022-01-27 20:07 (PST),On Demand,Kristin McGee,5,Meditation,Mindfulness,5 min Seasonal Meditation,2022-01-27 07:00 (PST),,,,,,,,,,
2022-01-29 17:15 (-08),Live,Bradley Rose,30,Cycling,Music,30 min 2010s Ride,2022-01-29 01:00 (-08),376,209,51%,82,21.40,10.70,535,,,
2022-01-29 19:54 (PST),On Demand,Kristin McGee,5,Meditation,Relax & Sleep,5 min Relaxing Meditation,2020-06-08 13:00 (PST),,,,,,,,,,
2022-01-30 20:01 (PST),On Demand,Cody Rigsby,5,Meditation,Relax & Sleep,5 min Calming Meditation,2020-09-22 07:00 (PST),,,,,,,,,,
2022-01-31 16:44 (-08),Live,Leanne Hainsby,30,Cycling,Intervals,30 min HIIT & Hills Ride,2022-01-31 10:25 (-08),402,223,52%,84,21.87,10.94,572,,,
2022-02-01 17:09 (PST),On Demand,Daniel McKenna,5,Strength,Warm Up,5 min Full Body Warm Up,2022-02-01 07:00 (PST),,,,,,,2,,,
2022-02-01 20:02 (PST),On Demand,Anna Greenberg,5,Meditation,Relax & Sleep,5 min Relaxing Meditation,2022-02-01 15:35 (PST),,,,,,,,68.23,,
2022-02-03 15:20 (PST),On Demand,Daniel McKenna,10,Strength,Bodyweight,10 min Bodyweight Strength,2022-01-29 10:33 (PST),,,,,,,27,,,
2022-02-04 20:03 (PST),On Demand,Kristin McGee,5,Meditation,Relax & Sleep,5 min Sleep Meditation,2022-02-03 07:00 (PST),,,,,,,,,,
